range (byte),t (us),bandwidth (gbps)
16,4679.04,688.437
32,4679.55,688.362
64,4679.17,688.418
128,4679.94,688.305
256,4680.96,688.155
512,4681.22,688.117
1024,4680.96,688.155
2048,5086.98,633.23
4096,5076.99,634.475
8192,5054.98,637.239
16384,5038.08,639.376
32768,5030.53,640.335
65536,5030.02,640.401
131072,5030.91,640.287
262144,5774.98,557.79
524288,7297.54,441.413
1.04858e+06,7730.43,416.694
2.09715e+06,21233.3,151.706
4.1943e+06,39547,81.4531
8.38861e+06,47616.4,67.6495
1.67772e+07,49581.1,64.9689
3.35544e+07,49688.1,64.829
6.71089e+07,49664,64.8604
