nthread,dim (x/y),niter,t (us)
1,0,100,11.008
1,0,9084,816.896
1,0,11120,999.168
1,0,11120,999.168
2,0,11120,999.936
3,0,11120,999.936
4,0,11120,999.936
5,0,11120,999.936
6,0,11120,999.936
7,0,11120,999.936
8,0,11120,999.936
9,0,11120,1024
10,0,11120,1024
11,0,11120,1024
12,0,11120,1024
13,0,11120,1024
14,0,11120,1024.77
15,0,11120,1024.9
16,0,11120,1024.9
17,0,11120,1049.09
18,0,11120,1049.09
19,0,11120,1049.09
20,0,11120,1049.09
21,0,11120,1049.09
22,0,11120,1049.09
23,0,11120,1049.09
24,0,11120,1049.09
25,0,11120,1073.92
26,0,11120,1073.92
27,0,11120,1073.92
28,0,11120,1073.92
29,0,11120,1073.92
30,0,11120,1073.92
31,0,11120,1073.92
32,0,11120,1073.92
33,0,11120,1097.98
34,0,11120,1097.98
35,0,11120,1097.98
36,0,11120,1097.98
37,0,11120,1097.98
38,0,11120,1097.98
39,0,11120,1097.98
40,0,11120,1097.98
41,0,11120,1123.07
42,0,11120,1123.07
43,0,11120,1123.07
44,0,11120,1123.07
45,0,11120,1123.07
46,0,11120,1123.07
47,0,11120,1123.07
48,0,11120,1123.07
49,0,11120,1147.9
50,0,11120,1147.9
51,0,11120,1147.9
52,0,11120,1147.9
53,0,11120,1147.9
54,0,11120,1147.9
55,0,11120,1147.9
56,0,11120,1147.9
57,0,11120,1171.97
58,0,11120,1171.97
59,0,11120,1171.97
60,0,11120,1171.97
61,0,11120,1171.97
62,0,11120,1171.97
63,0,11120,1171.97
64,0,11120,1171.97
65,0,11120,1651.97
1,1,100,11.008
1,1,9084,827.136
1,1,10982,999.936
1,1,10982,999.936
2,1,10982,999.936
3,1,10982,999.936
4,1,10982,999.936
5,1,10982,999.936
6,1,10982,999.936
7,1,10982,1011.97
8,1,10982,1011.97
9,1,10982,1036.03
10,1,10982,1036.03
11,1,10982,1036.03
12,1,10982,1036.03
13,1,10982,1036.03
14,1,10982,1036.03
15,1,10982,1036.03
16,1,10982,1036.03
17,1,10982,1060.1
18,1,10982,1060.1
19,1,10982,1060.1
20,1,10982,1060.1
21,1,10982,1060.1
22,1,10982,1060.1
23,1,10982,1060.1
24,1,10982,1060.1
25,1,10982,1084.93
26,1,10982,1084.93
27,1,10982,1084.93
28,1,10982,1084.93
29,1,10982,1084.93
30,1,10982,1084.93
31,1,10982,1084.93
32,1,10982,1084.93
33,1,10982,1485.82
