nthread,time (us)
1,173.056
1,979.968
1,998.144
1,998.144
2,998.144
3,999.04
4,998.144
5,998.144
6,998.016
7,998.144
8,998.144
9,998.144
10,998.016
11,998.016
12,998.144
13,998.144
14,998.144
15,998.144
16,998.144
17,1005.06
18,1005.95
19,1006.08
20,1006.08
21,1006.08
22,1006.08
23,1005.95
24,1006.08
25,1005.06
26,1005.06
27,1005.06
28,1005.06
29,1005.06
30,1005.06
31,1005.06
32,1005.06
33,1012.22
34,1011.97
35,1011.97
36,1011.97
37,1011.97
38,1011.97
39,1012.22
40,1011.97
41,1011.97
42,1011.97
43,1011.97
44,1011.97
45,1011.97
46,1011.97
47,1011.97
48,1011.97
49,1018.88
50,1019.01
51,1018.88
52,1019.01
53,1019.01
54,1019.14
55,1019.14
56,1019.14
57,1018.11
58,1018.11
59,1018.11
60,1018.11
61,1018.11
62,1018.11
63,1018.11
64,1018.11
65,1615.1
